"time_shift","beta_0","beta_1","wane","log_delta","sigma_2"
0.800283316854099,0.790673563926584,0.72414289395714,0.26804586348629,-8.82421703810492,5.64619185699654
